fraction,pass2_deletion,pass2_insertion,pass1_deletion,pass1_insertion,stem_deletion,stem_insertion,random_deletion,random_insertion
0.0,0.9182226061820984,0.2267928272485733,0.9182226061820984,0.2267928272485733,0.9182226061820984,0.2267928272485733,0.9182226061820984,0.2267928272485733
0.05,0.8447901606559753,0.5284827947616577,0.8299190998077393,0.5812745690345764,0.7379691004753113,0.6481394171714783,0.8935030698776245,0.3818763792514801
0.1,0.7577883005142212,0.5841099619865417,0.6995444893836975,0.6316201686859131,0.6306695342063904,0.6944637894630432,0.8692349791526794,0.4609229862689972
0.15000000000000002,0.6841232776641846,0.6094481348991394,0.5981508493423462,0.6596961617469788,0.5784032940864563,0.6903163194656372,0.8413218259811401,0.49510037899017334
0.2,0.6299096941947937,0.6290978193283081,0.5363815426826477,0.6805888414382935,0.5478558540344238,0.6813256740570068,0.8090133666992188,0.522365152835846
0.25,0.5811864137649536,0.6424589157104492,0.4831807315349579,0.6943807601928711,0.5241487622261047,0.6793591976165771,0.772283136844635,0.5404831171035767
0.30000000000000004,0.5400248765945435,0.6498152017593384,0.4608251452445984,0.6988041996955872,0.4981728494167328,0.6761958003044128,0.7491124272346497,0.5645305514335632
0.35000000000000003,0.5176534652709961,0.6559200286865234,0.43103981018066406,0.702824056148529,0.470101922750473,0.6754777431488037,0.7267491221427917,0.584930419921875
0.4,0.501205563545227,0.6698799729347229,0.4118983745574951,0.7153694033622742,0.4497769773006439,0.6717941164970398,0.7004672288894653,0.59102463722229
0.45,0.49261903762817383,0.6794185638427734,0.40261611342430115,0.7278437614440918,0.433594286441803,0.6756502389907837,0.6869630217552185,0.6084694266319275
0.5,0.48863834142684937,0.6924326419830322,0.4033726453781128,0.7421223521232605,0.41722357273101807,0.680195152759552,0.6726754903793335,0.6276183724403381
0.55,0.48274314403533936,0.713482677936554,0.4040895700454712,0.7547409534454346,0.4045947194099426,0.6874319314956665,0.657765805721283,0.6492742896080017
0.6000000000000001,0.4644089341163635,0.7341921925544739,0.40687522292137146,0.7736863493919373,0.39538130164146423,0.695037841796875,0.632840096950531,0.6833604574203491
0.65,0.4765395224094391,0.7534665465354919,0.4150875508785248,0.7897239327430725,0.3887653350830078,0.7143590450286865,0.6129322648048401,0.7143345475196838
0.7000000000000001,0.4851812720298767,0.7801920771598816,0.4229075610637665,0.808003842830658,0.3918180763721466,0.7330003380775452,0.5898889899253845,0.7446731925010681
0.75,0.47033804655075073,0.8048725724220276,0.4308708608150482,0.824951708316803,0.3968053460121155,0.7551664710044861,0.561499297618866,0.7770438194274902
0.8,0.455146461725235,0.8252402544021606,0.4293425679206848,0.8425904512405396,0.41340896487236023,0.7840679883956909,0.515382707118988,0.809332549571991
0.8500000000000001,0.4364772439002991,0.8492980599403381,0.39157921075820923,0.8565086126327515,0.41692492365837097,0.813290536403656,0.4864988327026367,0.834744930267334
0.9,0.4040662348270416,0.8764147758483887,0.35889533162117004,0.8759720921516418,0.4057311415672302,0.8412812352180481,0.44540199637413025,0.8656308650970459
0.9500000000000001,0.3567739725112915,0.8989114165306091,0.3184328079223633,0.9011494517326355,0.36488988995552063,0.8746373653411865,0.37589994072914124,0.8987770676612854
1.0,0.2267928272485733,0.9182226061820984,0.2267928272485733,0.9182226061820984,0.2267928272485733,0.9182226061820984,0.2267928272485733,0.9182226061820984
